Subject,downloadUrl,encodingFormat,type,má-podmínky-užití,má-vykonavatele-majetkových-práv-autorských-u-autorského-díla
https://blank_Nodes_IRI.org/78,https://www.gotobrno.cz/wp-content/uploads/2024/12/betlemske-svetlo-u-bohunicke-kaplicky-1.jpg
https://blank_Nodes_IRI.org/78,,http://www.iana.org/assignments/media-types/image/jpeg,http://schema.org/CreativeWork,https://blank_Nodes_IRI.org/1105,https://blank_Nodes_IRI.org/1106
https://blank_Nodes_IRI.org/914,https://www.gotobrno.cz/wp-content/uploads/2024/12/church-7498969_1920.jpg,http://www.iana.org/assignments/media-types/image/jpeg,http://schema.org/CreativeWork,https://blank_Nodes_IRI.org/1111,https://blank_Nodes_IRI.org/1112
https://blank_Nodes_IRI.org/961,https://www.gotobrno.cz/wp-content/uploads/2024/11/b99a4a56-6c8a-40cc-87fa-afd149c10a38-15682-00000b4a998862fa.jpg,http://www.iana.org/assignments/media-types/image/jpeg,http://schema.org/CreativeWork,https://blank_Nodes_IRI.org/1117,https://blank_Nodes_IRI.org/1118
https://blank_Nodes_IRI.org/874,https://www.gotobrno.cz/wp-content/uploads/2024/10/kk-3-scaled.jpg,http://www.iana.org/assignments/media-types/image/jpeg,http://schema.org/CreativeWork,https://blank_Nodes_IRI.org/1124,https://blank_Nodes_IRI.org/1125
https://blank_Nodes_IRI.org/110,https://www.gotobrno.cz/wp-content/uploads/2024/12/brno-vanocni.jpg,http://www.iana.org/assignments/media-types/image/jpeg,http://schema.org/CreativeWork,https://blank_Nodes_IRI.org/1130,https://blank_Nodes_IRI.org/1131
https://blank_Nodes_IRI.org/719,https://www.gotobrno.cz/wp-content/uploads/2021/05/tematicke-prohlidky-2020_brno-pred-sto-lety_foto_tic-brno_frantiska-foto-kopie-scaled.jpg,http://www.iana.org/assignments/media-types/image/jpeg,http://schema.org/CreativeWork,https://blank_Nodes_IRI.org/1135,https://blank_Nodes_IRI.org/1136
https://blank_Nodes_IRI.org/41,https://www.gotobrno.cz/wp-content/uploads/2023/11/betlem-foto_vojtech-cigl-scaled.jpg,http://www.iana.org/assignments/media-types/image/jpeg,http://schema.org/CreativeWork,https://blank_Nodes_IRI.org/1138,https://blank_Nodes_IRI.org/1139
https://blank_Nodes_IRI.org/1046,https://www.gotobrno.cz/wp-content/uploads/2024/12/vr_06723-foto-vr-production-scaled.jpg,http://www.iana.org/assignments/media-types/image/jpeg,http://schema.org/CreativeWork,https://blank_Nodes_IRI.org/1144,https://blank_Nodes_IRI.org/1145
https://blank_Nodes_IRI.org/756,https://www.gotobrno.cz/wp-content/uploads/2024/10/471f0b79-f-1024x683-1.jpg,http://www.iana.org/assignments/media-types/image/jpeg,http://schema.org/CreativeWork,https://blank_Nodes_IRI.org/1150,https://blank_Nodes_IRI.org/1151
https://blank_Nodes_IRI.org/851,https://www.gotobrno.cz/wp-content/uploads/2023/09/taf-orez.png,http://www.iana.org/assignments/media-types/image/png,http://schema.org/CreativeWork,https://blank_Nodes_IRI.org/1157,https://blank_Nodes_IRI.org/1158
https://blank_Nodes_IRI.org/269,https://www.gotobrno.cz/wp-content/uploads/2017/06/mestske-divadlo-brno.jpg,http://www.iana.org/assignments/media-types/image/jpeg,http://schema.org/CreativeWork,https://blank_Nodes_IRI.org/1165,https://blank_Nodes_IRI.org/1166
https://blank_Nodes_IRI.org/760,https://www.gotobrno.cz/wp-content/uploads/2024/12/e60b6b78-a-1024x683-1.jpg,http://www.iana.org/assignments/media-types/image/jpeg,http://schema.org/CreativeWork,https://blank_Nodes_IRI.org/1171,https://blank_Nodes_IRI.org/1172
https://blank_Nodes_IRI.org/550,https://www.gotobrno.cz/wp-content/uploads/2024/11/moja-rec-fleda-post.png,http://www.iana.org/assignments/media-types/image/png,http://schema.org/CreativeWork,https://blank_Nodes_IRI.org/1177,https://blank_Nodes_IRI.org/1178
https://blank_Nodes_IRI.org/319,https://www.gotobrno.cz/wp-content/uploads/2017/07/brno-panorama-zapad-slunce.jpg,http://www.iana.org/assignments/media-types/image/jpeg,http://schema.org/CreativeWork,https://blank_Nodes_IRI.org/1184,https://blank_Nodes_IRI.org/1185
https://blank_Nodes_IRI.org/638,https://www.gotobrno.cz/wp-content/uploads/2023/12/janacek_cabaret_jan_smach-90-scaled.jpg,http://www.iana.org/assignments/media-types/image/jpeg,http://schema.org/CreativeWork,https://blank_Nodes_IRI.org/1190,https://blank_Nodes_IRI.org/1191
https://blank_Nodes_IRI.org/783,https://www.gotobrno.cz/wp-content/uploads/2017/07/brno-panorama-zapad-slunce.jpg,http://www.iana.org/assignments/media-types/image/jpeg,http://schema.org/CreativeWork,https://blank_Nodes_IRI.org/1196,https://blank_Nodes_IRI.org/1197
https://blank_Nodes_IRI.org/451,https://www.gotobrno.cz/wp-content/uploads/2021/06/tank-scaled.jpg,http://www.iana.org/assignments/media-types/image/jpeg,http://schema.org/CreativeWork,https://blank_Nodes_IRI.org/1202,https://blank_Nodes_IRI.org/1203
https://blank_Nodes_IRI.org/596,https://www.gotobrno.cz/wp-content/uploads/2017/06/michalcikova_surgeon-48-scaled.jpg,http://www.iana.org/assignments/media-types/image/jpeg,http://schema.org/CreativeWork,https://blank_Nodes_IRI.org/1204,https://blank_Nodes_IRI.org/1205
https://blank_Nodes_IRI.org/787,https://www.gotobrno.cz/wp-content/uploads/2017/06/sono-5.jpg,http://www.iana.org/assignments/media-types/image/jpeg,http://schema.org/CreativeWork,https://blank_Nodes_IRI.org/1210,https://blank_Nodes_IRI.org/1211
https://blank_Nodes_IRI.org/615,https://www.gotobrno.cz/wp-content/uploads/2024/10/mkt_nk_besedni-dum-2024_1.jpg,http://www.iana.org/assignments/media-types/image/jpeg,http://schema.org/CreativeWork,https://blank_Nodes_IRI.org/1216,https://blank_Nodes_IRI.org/1217
https://blank_Nodes_IRI.org/610,https://www.gotobrno.cz/wp-content/uploads/2024/10/mk3-scaled.jpg,http://www.iana.org/assignments/media-types/image/jpeg,http://schema.org/CreativeWork,https://blank_Nodes_IRI.org/1222,https://blank_Nodes_IRI.org/1223
https://blank_Nodes_IRI.org/699,https://www.gotobrno.cz/wp-content/uploads/2018/12/janackovo-divadlo.jpg,http://www.iana.org/assignments/media-types/image/jpeg,http://schema.org/CreativeWork,https://blank_Nodes_IRI.org/1229,https://blank_Nodes_IRI.org/1230
https://blank_Nodes_IRI.org/859,https://www.gotobrno.cz/wp-content/uploads/2024/10/3-25-1024x683-1.jpg,http://www.iana.org/assignments/media-types/image/jpeg,http://schema.org/CreativeWork,https://blank_Nodes_IRI.org/1237,https://blank_Nodes_IRI.org/1238
https://blank_Nodes_IRI.org/677,https://www.gotobrno.cz/wp-content/uploads/2017/06/mestske-divadlo-brno.jpg,http://www.iana.org/assignments/media-types/image/jpeg,http://schema.org/CreativeWork,https://blank_Nodes_IRI.org/1243,https://blank_Nodes_IRI.org/1244
https://blank_Nodes_IRI.org/1041,https://www.gotobrno.cz/wp-content/uploads/2019/03/mahenka.jpg,http://www.iana.org/assignments/media-types/image/jpeg,http://schema.org/CreativeWork,https://blank_Nodes_IRI.org/1249,https://blank_Nodes_IRI.org/1250
https://blank_Nodes_IRI.org/438,https://www.gotobrno.cz/wp-content/uploads/2018/02/lakomec-26.jpg,http://www.iana.org/assignments/media-types/image/jpeg,http://schema.org/CreativeWork,https://blank_Nodes_IRI.org/1256,https://blank_Nodes_IRI.org/1257
https://blank_Nodes_IRI.org/569,https://www.gotobrno.cz/wp-content/uploads/2024/10/tomas-netopil-scaled.jpeg,http://www.iana.org/assignments/media-types/image/jpeg,http://schema.org/CreativeWork,https://blank_Nodes_IRI.org/1262,https://blank_Nodes_IRI.org/1263
https://blank_Nodes_IRI.org/836,https://www.gotobrno.cz/wp-content/uploads/2024/11/4.jpg,http://www.iana.org/assignments/media-types/image/jpeg,http://schema.org/CreativeWork,https://blank_Nodes_IRI.org/1268,https://blank_Nodes_IRI.org/1269
https://blank_Nodes_IRI.org/466,https://www.gotobrno.cz/wp-content/uploads/2024/01/mbf_foto_tiskova_zprava__0001_photo-archiv-moravske-galerie.jpg,http://www.iana.org/assignments/media-types/image/jpeg,http://schema.org/CreativeWork,https://blank_Nodes_IRI.org/1271,https://blank_Nodes_IRI.org/1272
https://blank_Nodes_IRI.org/1027,https://www.gotobrno.cz/wp-content/uploads/2024/12/vypraveni-ohen.jpg,http://www.iana.org/assignments/media-types/image/jpeg,http://schema.org/CreativeWork,https://blank_Nodes_IRI.org/1276,https://blank_Nodes_IRI.org/1277
https://blank_Nodes_IRI.org/461,https://www.gotobrno.cz/wp-content/uploads/2024/12/961-2-scaled.jpg,http://www.iana.org/assignments/media-types/image/jpeg,http://schema.org/CreativeWork,https://blank_Nodes_IRI.org/1282,https://blank_Nodes_IRI.org/1283
https://blank_Nodes_IRI.org/545,https://www.gotobrno.cz/wp-content/uploads/2017/07/brno-panorama.jpg,http://www.iana.org/assignments/media-types/image/jpeg,http://schema.org/CreativeWork,https://blank_Nodes_IRI.org/1288,https://blank_Nodes_IRI.org/1289
https://blank_Nodes_IRI.org/14,https://www.gotobrno.cz/wp-content/uploads/2024/11/slovacky-ples.jpg,http://www.iana.org/assignments/media-types/image/jpeg,http://schema.org/CreativeWork,https://blank_Nodes_IRI.org/1295,https://blank_Nodes_IRI.org/1296
https://blank_Nodes_IRI.org/178,https://www.gotobrno.cz/wp-content/uploads/2024/12/469392512_1380938339592252_4840543461460721731_n.jpeg,http://www.iana.org/assignments/media-types/image/jpeg,http://schema.org/CreativeWork,https://blank_Nodes_IRI.org/1303,https://blank_Nodes_IRI.org/1304
https://blank_Nodes_IRI.org/346,https://www.gotobrno.cz/wp-content/uploads/2024/10/alexandre-tharaud-1-scaled.jpg,http://www.iana.org/assignments/media-types/image/jpeg,http://schema.org/CreativeWork,https://blank_Nodes_IRI.org/1310,https://blank_Nodes_IRI.org/1311
https://blank_Nodes_IRI.org/433,https://www.gotobrno.cz/wp-content/uploads/2018/12/janackovo-divadlo.jpg,http://www.iana.org/assignments/media-types/image/jpeg,http://schema.org/CreativeWork,https://blank_Nodes_IRI.org/1316,https://blank_Nodes_IRI.org/1317
https://blank_Nodes_IRI.org/507,https://www.gotobrno.cz/wp-content/uploads/2024/10/alexandre-tharaud-jean-baptiste-millot-scaled.jpg,http://www.iana.org/assignments/media-types/image/jpeg,http://schema.org/CreativeWork,https://blank_Nodes_IRI.org/1323,https://blank_Nodes_IRI.org/1324
https://blank_Nodes_IRI.org/1061,https://www.gotobrno.cz/wp-content/uploads/2024/12/a9_07479-edit-edit-2-scaled.jpg,http://www.iana.org/assignments/media-types/image/jpeg,http://schema.org/CreativeWork,https://blank_Nodes_IRI.org/1329,https://blank_Nodes_IRI.org/1330
https://blank_Nodes_IRI.org/147,https://www.gotobrno.cz/wp-content/uploads/2019/03/mahenka.jpg,http://www.iana.org/assignments/media-types/image/jpeg,http://schema.org/CreativeWork,https://blank_Nodes_IRI.org/1335,https://blank_Nodes_IRI.org/1336
https://blank_Nodes_IRI.org/209,https://www.gotobrno.cz/wp-content/uploads/2024/04/01-1.jpg,http://www.iana.org/assignments/media-types/image/jpeg,http://schema.org/CreativeWork,https://blank_Nodes_IRI.org/1340,https://blank_Nodes_IRI.org/1341
https://blank_Nodes_IRI.org/525,https://www.gotobrno.cz/wp-content/uploads/2024/11/670a84ab65603.jpg,http://www.iana.org/assignments/media-types/image/jpeg,http://schema.org/CreativeWork,https://blank_Nodes_IRI.org/1343,https://blank_Nodes_IRI.org/1344
https://blank_Nodes_IRI.org/28,https://www.gotobrno.cz/wp-content/uploads/2024/10/akvarelovy-workshop-v-brne.jpg,http://www.iana.org/assignments/media-types/image/jpeg,http://schema.org/CreativeWork,https://blank_Nodes_IRI.org/1349,https://blank_Nodes_IRI.org/1350
https://blank_Nodes_IRI.org/1022,https://www.gotobrno.cz/wp-content/uploads/2018/12/janackovo-divadlo.jpg,http://www.iana.org/assignments/media-types/image/jpeg,http://schema.org/CreativeWork,https://blank_Nodes_IRI.org/1355,https://blank_Nodes_IRI.org/1356
https://blank_Nodes_IRI.org/620,https://www.gotobrno.cz/wp-content/uploads/2024/09/ocelove-magnolie_vizual-scaled.jpg,http://www.iana.org/assignments/media-types/image/jpeg,http://schema.org/CreativeWork,https://blank_Nodes_IRI.org/1362,https://blank_Nodes_IRI.org/1363
https://blank_Nodes_IRI.org/668,https://www.gotobrno.cz/wp-content/uploads/2019/03/0lb7643b-1.jpg,http://www.iana.org/assignments/media-types/image/jpeg,http://schema.org/CreativeWork,https://blank_Nodes_IRI.org/1370,https://blank_Nodes_IRI.org/1371
https://blank_Nodes_IRI.org/752,https://www.gotobrno.cz/wp-content/uploads/2019/03/mahenka.jpg,http://www.iana.org/assignments/media-types/image/jpeg,http://schema.org/CreativeWork,https://blank_Nodes_IRI.org/1376,https://blank_Nodes_IRI.org/1377
https://blank_Nodes_IRI.org/291,https://www.gotobrno.cz/wp-content/uploads/2024/10/jacky-terrasson-scaled.jpg,http://www.iana.org/assignments/media-types/image/jpeg,http://schema.org/CreativeWork,https://blank_Nodes_IRI.org/1382,https://blank_Nodes_IRI.org/1383
https://blank_Nodes_IRI.org/827,https://www.gotobrno.cz/wp-content/uploads/2024/10/462364093_567233079198501_7595998850643707294_n-1.jpg,http://www.iana.org/assignments/media-types/image/jpeg,http://schema.org/CreativeWork,https://blank_Nodes_IRI.org/1389,https://blank_Nodes_IRI.org/1390
https://blank_Nodes_IRI.org/380,https://www.gotobrno.cz/wp-content/uploads/2024/10/mk-4-ondrej-sejkora-c-vojtech-kaba-scaled.jpg,http://www.iana.org/assignments/media-types/image/jpeg,http://schema.org/CreativeWork,https://blank_Nodes_IRI.org/1395,https://blank_Nodes_IRI.org/1396
https://blank_Nodes_IRI.org/664,https://www.gotobrno.cz/wp-content/uploads/2017/06/mestske-divadlo-brno.jpg,http://www.iana.org/assignments/media-types/image/jpeg,http://schema.org/CreativeWork,https://blank_Nodes_IRI.org/1401,https://blank_Nodes_IRI.org/1402
https://blank_Nodes_IRI.org/1013,https://www.gotobrno.cz/wp-content/uploads/2024/05/cathedral-in-brno_edited-scaled.jpg,http://www.iana.org/assignments/media-types/image/jpeg,http://schema.org/CreativeWork,https://blank_Nodes_IRI.org/1407,https://blank_Nodes_IRI.org/1408
https://blank_Nodes_IRI.org/69,https://www.gotobrno.cz/wp-content/uploads/2023/10/img_2051-scaled.jpg,http://www.iana.org/assignments/media-types/image/jpeg,http://schema.org/CreativeWork,https://blank_Nodes_IRI.org/1409,https://blank_Nodes_IRI.org/1410
https://blank_Nodes_IRI.org/456,https://www.gotobrno.cz/wp-content/uploads/2024/09/rodinne-abonma-2-scaled.jpg,http://www.iana.org/assignments/media-types/image/jpeg,http://schema.org/CreativeWork,https://blank_Nodes_IRI.org/1415,https://blank_Nodes_IRI.org/1416
https://blank_Nodes_IRI.org/976,https://www.gotobrno.cz/wp-content/uploads/2024/11/varhanici_tic_720x1080_2024_254.jpg,http://www.iana.org/assignments/media-types/image/jpeg,http://schema.org/CreativeWork,https://blank_Nodes_IRI.org/1421,https://blank_Nodes_IRI.org/1422
https://blank_Nodes_IRI.org/535,https://www.gotobrno.cz/wp-content/uploads/2024/12/stazeny-soubor.png,http://www.iana.org/assignments/media-types/image/png,http://schema.org/CreativeWork,https://blank_Nodes_IRI.org/1428,https://blank_Nodes_IRI.org/1429
https://blank_Nodes_IRI.org/690,https://www.gotobrno.cz/wp-content/uploads/2024/11/670d24068c6c3.jpg,http://www.iana.org/assignments/media-types/image/jpeg,http://schema.org/CreativeWork,https://blank_Nodes_IRI.org/1434,https://blank_Nodes_IRI.org/1435
https://blank_Nodes_IRI.org/884,https://www.gotobrno.cz/wp-content/uploads/2017/06/sono-5.jpg,http://www.iana.org/assignments/media-types/image/jpeg,http://schema.org/CreativeWork,https://blank_Nodes_IRI.org/1442,https://blank_Nodes_IRI.org/1443
https://blank_Nodes_IRI.org/711,https://www.gotobrno.cz/wp-content/uploads/2023/02/jak-to-ruplo-tisk-23-min-scaled.jpg,http://www.iana.org/assignments/media-types/image/jpeg,http://schema.org/CreativeWork,https://blank_Nodes_IRI.org/1444,https://blank_Nodes_IRI.org/1445
https://blank_Nodes_IRI.org/173,https://www.gotobrno.cz/wp-content/uploads/2019/06/spilberk-panorama-gabzdyl.jpg,http://www.iana.org/assignments/media-types/image/jpeg,http://schema.org/CreativeWork,https://blank_Nodes_IRI.org/1450,https://blank_Nodes_IRI.org/1451
https://blank_Nodes_IRI.org/530,https://www.gotobrno.cz/wp-content/uploads/2024/10/ivan-studio-scaled.jpg,http://www.iana.org/assignments/media-types/image/jpeg,http://schema.org/CreativeWork,https://blank_Nodes_IRI.org/1456,https://blank_Nodes_IRI.org/1457
https://blank_Nodes_IRI.org/60,https://www.gotobrno.cz/wp-content/uploads/2017/06/mestske-divadlo-brno.jpg,http://www.iana.org/assignments/media-types/image/jpeg,http://schema.org/CreativeWork,https://blank_Nodes_IRI.org/1463,https://blank_Nodes_IRI.org/1464
https://blank_Nodes_IRI.org/328,https://www.gotobrno.cz/wp-content/uploads/2017/12/jazzfest-1-scaled.jpg,http://www.iana.org/assignments/media-types/image/jpeg,http://schema.org/CreativeWork,https://blank_Nodes_IRI.org/1469,https://blank_Nodes_IRI.org/1470
https://blank_Nodes_IRI.org/428,https://www.gotobrno.cz/wp-content/uploads/2024/10/432172356_793929319427151_3740849475386088378_n.jpg,http://www.iana.org/assignments/media-types/image/jpeg,http://schema.org/CreativeWork,https://blank_Nodes_IRI.org/1475,https://blank_Nodes_IRI.org/1476
https://blank_Nodes_IRI.org/894,https://www.gotobrno.cz/wp-content/uploads/2024/05/mask-g556d1a5ff_1920.jpg,http://www.iana.org/assignments/media-types/image/jpeg,http://schema.org/CreativeWork,https://blank_Nodes_IRI.org/1477,https://blank_Nodes_IRI.org/1478
https://blank_Nodes_IRI.org/489,https://www.gotobrno.cz/wp-content/uploads/2018/12/janackovo-divadlo.jpg,http://www.iana.org/assignments/media-types/image/jpeg,http://schema.org/CreativeWork,https://blank_Nodes_IRI.org/1483,https://blank_Nodes_IRI.org/1484
https://blank_Nodes_IRI.org/1094,https://www.gotobrno.cz/wp-content/uploads/2019/03/0lb7643b-1.jpg,http://www.iana.org/assignments/media-types/image/jpeg,http://schema.org/CreativeWork,https://blank_Nodes_IRI.org/1489,https://blank_Nodes_IRI.org/1490
https://blank_Nodes_IRI.org/1008,https://www.gotobrno.cz/wp-content/uploads/2024/11/671b8ce61cf79.jpg,http://www.iana.org/assignments/media-types/image/jpeg,http://schema.org/CreativeWork,https://blank_Nodes_IRI.org/1495,https://blank_Nodes_IRI.org/1496
https://blank_Nodes_IRI.org/129,https://www.gotobrno.cz/wp-content/uploads/2024/12/poezie-skutecnosti-small.png,http://www.iana.org/assignments/media-types/image/png,http://schema.org/CreativeWork,https://blank_Nodes_IRI.org/1502,https://blank_Nodes_IRI.org/1503
https://blank_Nodes_IRI.org/333,https://www.gotobrno.cz/wp-content/uploads/2017/06/sono-5.jpg,http://www.iana.org/assignments/media-types/image/jpeg,http://schema.org/CreativeWork,https://blank_Nodes_IRI.org/1510,https://blank_Nodes_IRI.org/1511
https://blank_Nodes_IRI.org/909,https://www.gotobrno.cz/wp-content/uploads/2024/12/stazeny-soubor-1.png,http://www.iana.org/assignments/media-types/image/png,http://schema.org/CreativeWork,https://blank_Nodes_IRI.org/1516,https://blank_Nodes_IRI.org/1517
https://blank_Nodes_IRI.org/470,https://www.gotobrno.cz/wp-content/uploads/2019/03/mahenka.jpg,http://www.iana.org/assignments/media-types/image/jpeg,http://schema.org/CreativeWork,https://blank_Nodes_IRI.org/1522,https://blank_Nodes_IRI.org/1523
https://blank_Nodes_IRI.org/1081,https://www.gotobrno.cz/wp-content/uploads/2024/10/yazz-ahmed-4-scaled.jpg,http://www.iana.org/assignments/media-types/image/jpeg,http://schema.org/CreativeWork,https://blank_Nodes_IRI.org/1529,https://blank_Nodes_IRI.org/1530
https://blank_Nodes_IRI.org/647,https://www.gotobrno.cz/wp-content/uploads/2018/05/panorama_osmicky.jpg,http://www.iana.org/assignments/media-types/image/jpeg,http://schema.org/CreativeWork,https://blank_Nodes_IRI.org/1535,https://blank_Nodes_IRI.org/1536
https://blank_Nodes_IRI.org/904,https://www.gotobrno.cz/wp-content/uploads/2024/10/v-orchestru-3.jpg,http://www.iana.org/assignments/media-types/image/jpeg,http://schema.org/CreativeWork,https://blank_Nodes_IRI.org/1541,https://blank_Nodes_IRI.org/1542
https://blank_Nodes_IRI.org/564,https://www.gotobrno.cz/wp-content/uploads/2024/05/foto_1-scaled.jpg,http://www.iana.org/assignments/media-types/image/jpeg,http://schema.org/CreativeWork,https://blank_Nodes_IRI.org/1546,https://blank_Nodes_IRI.org/1547
https://blank_Nodes_IRI.org/802,https://www.gotobrno.cz/wp-content/uploads/2020/01/akce2-800x600.jpg,http://www.iana.org/assignments/media-types/image/jpeg,http://schema.org/CreativeWork,https://blank_Nodes_IRI.org/1549,https://blank_Nodes_IRI.org/1550
https://blank_Nodes_IRI.org/309,https://www.gotobrno.cz/wp-content/uploads/2024/10/66d82feb-92af-4f1a-9df8-146a08018def-1.jpg,http://www.iana.org/assignments/media-types/image/jpeg,http://schema.org/CreativeWork,https://blank_Nodes_IRI.org/1555,https://blank_Nodes_IRI.org/1556
https://blank_Nodes_IRI.org/1076,https://www.gotobrno.cz/wp-content/uploads/2024/12/467655423_1369423904077029_2570668596417887028_n.jpeg,http://www.iana.org/assignments/media-types/image/jpeg,http://schema.org/CreativeWork,https://blank_Nodes_IRI.org/1561,https://blank_Nodes_IRI.org/1562
https://blank_Nodes_IRI.org/370,https://www.gotobrno.cz/wp-content/uploads/2024/10/51strun_067__wz63654-scaled.jpg,http://www.iana.org/assignments/media-types/image/jpeg,http://schema.org/CreativeWork,https://blank_Nodes_IRI.org/1568,https://blank_Nodes_IRI.org/1569
https://blank_Nodes_IRI.org/73,https://www.gotobrno.cz/wp-content/uploads/2018/12/janackovo-divadlo.jpg,http://www.iana.org/assignments/media-types/image/jpeg,http://schema.org/CreativeWork,https://blank_Nodes_IRI.org/1576,https://blank_Nodes_IRI.org/1577
https://blank_Nodes_IRI.org/765,https://www.gotobrno.cz/wp-content/uploads/2024/11/467765451_9629163547190813_4119886037577896108_n.jpg,http://www.iana.org/assignments/media-types/image/jpeg,http://schema.org/CreativeWork,https://blank_Nodes_IRI.org/1582,https://blank_Nodes_IRI.org/1583
https://blank_Nodes_IRI.org/981,https://www.gotobrno.cz/wp-content/uploads/2017/07/brno-panorama.jpg,http://www.iana.org/assignments/media-types/image/jpeg,http://schema.org/CreativeWork,https://blank_Nodes_IRI.org/1588,https://blank_Nodes_IRI.org/1589
https://blank_Nodes_IRI.org/512,https://www.gotobrno.cz/wp-content/uploads/2022/06/medicus-orez.jpg,http://www.iana.org/assignments/media-types/image/jpeg,http://schema.org/CreativeWork,https://blank_Nodes_IRI.org/1595,https://blank_Nodes_IRI.org/1596
https://blank_Nodes_IRI.org/540,https://www.gotobrno.cz/wp-content/uploads/2024/12/stazeny-soubor-1-1.png,http://www.iana.org/assignments/media-types/image/png,http://schema.org/CreativeWork,https://blank_Nodes_IRI.org/1601,https://blank_Nodes_IRI.org/1602
https://blank_Nodes_IRI.org/295,https://www.gotobrno.cz/wp-content/uploads/2018/12/janackovo-divadlo.jpg,http://www.iana.org/assignments/media-types/image/jpeg,http://schema.org/CreativeWork,https://blank_Nodes_IRI.org/1607,https://blank_Nodes_IRI.org/1608
https://blank_Nodes_IRI.org/864,https://www.gotobrno.cz/wp-content/uploads/2024/05/dsc_0068-scaled.jpg,http://www.iana.org/assignments/media-types/image/jpeg,http://schema.org/CreativeWork,https://blank_Nodes_IRI.org/1613,https://blank_Nodes_IRI.org/1614
https://blank_Nodes_IRI.org/521,https://www.gotobrno.cz/wp-content/uploads/2019/03/0lb7643b-1.jpg,http://www.iana.org/assignments/media-types/image/jpeg,http://schema.org/CreativeWork,https://blank_Nodes_IRI.org/1615,https://blank_Nodes_IRI.org/1616
https://blank_Nodes_IRI.org/797,https://www.gotobrno.cz/wp-content/uploads/2024/10/jiri-vodicka-gtb-scaled.jpg,http://www.iana.org/assignments/media-types/image/jpeg,http://schema.org/CreativeWork,https://blank_Nodes_IRI.org/1621,https://blank_Nodes_IRI.org/1622
https://blank_Nodes_IRI.org/282,https://www.gotobrno.cz/wp-content/uploads/2024/12/photo-1-1-scaled.jpg,http://www.iana.org/assignments/media-types/image/jpeg,http://schema.org/CreativeWork,https://blank_Nodes_IRI.org/1627,https://blank_Nodes_IRI.org/1628
https://blank_Nodes_IRI.org/273,https://www.gotobrno.cz/wp-content/uploads/2024/06/hrdza_08b1912-edit-2-3000x3000-1-scaled.jpg,http://www.iana.org/assignments/media-types/image/jpeg,http://schema.org/CreativeWork,https://blank_Nodes_IRI.org/1633,https://blank_Nodes_IRI.org/1634
https://blank_Nodes_IRI.org/502,https://www.gotobrno.cz/wp-content/uploads/2024/12/masopust-scaled.jpg,http://www.iana.org/assignments/media-types/image/jpeg,http://schema.org/CreativeWork,https://blank_Nodes_IRI.org/1640,https://blank_Nodes_IRI.org/1641
https://blank_Nodes_IRI.org/656,https://www.gotobrno.cz/wp-content/uploads/2018/06/19851.jpg,http://www.iana.org/assignments/media-types/image/jpeg,http://schema.org/CreativeWork,https://blank_Nodes_IRI.org/1648,https://blank_Nodes_IRI.org/1649
https://blank_Nodes_IRI.org/151,https://www.gotobrno.cz/wp-content/uploads/2024/11/671b459543f13.jpg,http://www.iana.org/assignments/media-types/image/jpeg,http://schema.org/CreativeWork,https://blank_Nodes_IRI.org/1655,https://blank_Nodes_IRI.org/1656
https://blank_Nodes_IRI.org/105,https://www.gotobrno.cz/wp-content/uploads/2021/04/brno-space-days.jpg,http://www.iana.org/assignments/media-types/image/jpeg,http://schema.org/CreativeWork,https://blank_Nodes_IRI.org/1661,https://blank_Nodes_IRI.org/1662
https://blank_Nodes_IRI.org/498,https://www.gotobrno.cz/wp-content/uploads/2019/03/mahenka.jpg,http://www.iana.org/assignments/media-types/image/jpeg,http://schema.org/CreativeWork,https://blank_Nodes_IRI.org/1668,https://blank_Nodes_IRI.org/1669
https://blank_Nodes_IRI.org/578,https://www.gotobrno.cz/wp-content/uploads/2024/10/mozartuv-efekt-1-scaled.jpg,http://www.iana.org/assignments/media-types/image/jpeg,http://schema.org/CreativeWork,https://blank_Nodes_IRI.org/1674,https://blank_Nodes_IRI.org/1675
https://blank_Nodes_IRI.org/831,https://www.gotobrno.cz/wp-content/uploads/2024/11/671b8a3694e3f.jpg,http://www.iana.org/assignments/media-types/image/jpeg,http://schema.org/CreativeWork,https://blank_Nodes_IRI.org/1680,https://blank_Nodes_IRI.org/1681
https://blank_Nodes_IRI.org/485,https://www.gotobrno.cz/wp-content/uploads/2019/06/spilberk-panorama-gabzdyl.jpg,http://www.iana.org/assignments/media-types/image/jpeg,http://schema.org/CreativeWork,https://blank_Nodes_IRI.org/1685,https://blank_Nodes_IRI.org/1686
https://blank_Nodes_IRI.org/241,https://www.gotobrno.cz/wp-content/uploads/2024/09/rodinne-abonma-4.jpg,http://www.iana.org/assignments/media-types/image/jpeg,http://schema.org/CreativeWork,https://blank_Nodes_IRI.org/1688,https://blank_Nodes_IRI.org/1689
https://blank_Nodes_IRI.org/1071,https://www.gotobrno.cz/wp-content/uploads/2024/12/468398776_1370745797278173_111802907216998462_n.jpeg,http://www.iana.org/assignments/media-types/image/jpeg,http://schema.org/CreativeWork,https://blank_Nodes_IRI.org/1694,https://blank_Nodes_IRI.org/1695
https://blank_Nodes_IRI.org/817,https://www.gotobrno.cz/wp-content/uploads/2024/09/dsc00382-kopie.jpg,http://www.iana.org/assignments/media-types/image/jpeg,http://schema.org/CreativeWork,https://blank_Nodes_IRI.org/1700,https://blank_Nodes_IRI.org/1701
https://blank_Nodes_IRI.org/1066,https://www.gotobrno.cz/wp-content/uploads/2024/10/will_vinson_gtb.jpg,http://www.iana.org/assignments/media-types/image/jpeg,http://schema.org/CreativeWork,https://blank_Nodes_IRI.org/1707,https://blank_Nodes_IRI.org/1708
https://blank_Nodes_IRI.org/995,https://www.gotobrno.cz/wp-content/uploads/2018/06/19851.jpg,http://www.iana.org/assignments/media-types/image/jpeg,http://schema.org/CreativeWork,https://blank_Nodes_IRI.org/1715,https://blank_Nodes_IRI.org/1716
https://blank_Nodes_IRI.org/163,https://www.gotobrno.cz/wp-content/uploads/2018/12/janackovo-divadlo.jpg,http://www.iana.org/assignments/media-types/image/jpeg,http://schema.org/CreativeWork,https://blank_Nodes_IRI.org/1723,https://blank_Nodes_IRI.org/1724
https://blank_Nodes_IRI.org/256,https://www.gotobrno.cz/wp-content/uploads/2024/10/petr-altrichter-4-scaled.jpg,http://www.iana.org/assignments/media-types/image/jpeg,http://schema.org/CreativeWork,https://blank_Nodes_IRI.org/1729,https://blank_Nodes_IRI.org/1730
https://blank_Nodes_IRI.org/143,https://www.gotobrno.cz/wp-content/uploads/2019/03/mahenka.jpg,http://www.iana.org/assignments/media-types/image/jpeg,http://schema.org/CreativeWork,https://blank_Nodes_IRI.org/1736,https://blank_Nodes_IRI.org/1737
https://blank_Nodes_IRI.org/341,https://www.gotobrno.cz/wp-content/uploads/2018/12/janackovo-divadlo.jpg,http://www.iana.org/assignments/media-types/image/jpeg,http://schema.org/CreativeWork,https://blank_Nodes_IRI.org/1742,https://blank_Nodes_IRI.org/1743
https://blank_Nodes_IRI.org/227,https://www.gotobrno.cz/wp-content/uploads/2018/12/janackovo-divadlo.jpg,http://www.iana.org/assignments/media-types/image/jpeg,http://schema.org/CreativeWork,https://blank_Nodes_IRI.org/1748,https://blank_Nodes_IRI.org/1749
https://blank_Nodes_IRI.org/966,https://www.gotobrno.cz/wp-content/uploads/2024/11/ensemble-versus-scaled.jpg,http://www.iana.org/assignments/media-types/image/jpeg,http://schema.org/CreativeWork,https://blank_Nodes_IRI.org/1754,https://blank_Nodes_IRI.org/1755
https://blank_Nodes_IRI.org/403,https://www.gotobrno.cz/wp-content/uploads/2024/08/akvarel10.jpg,http://www.iana.org/assignments/media-types/image/jpeg,http://schema.org/CreativeWork,https://blank_Nodes_IRI.org/1756,https://blank_Nodes_IRI.org/1757
https://blank_Nodes_IRI.org/195,https://www.gotobrno.cz/wp-content/uploads/2021/03/dny-elektronove-mikroskopie-hap-brno-scaled.jpg,http://www.iana.org/assignments/media-types/image/jpeg,http://schema.org/CreativeWork,https://blank_Nodes_IRI.org/1762,https://blank_Nodes_IRI.org/1763
https://blank_Nodes_IRI.org/582,https://www.gotobrno.cz/wp-content/uploads/2019/03/0lb7643b-1.jpg,http://www.iana.org/assignments/media-types/image/jpeg,http://schema.org/CreativeWork,https://blank_Nodes_IRI.org/1768,https://blank_Nodes_IRI.org/1769
https://blank_Nodes_IRI.org/778,https://www.gotobrno.cz/wp-content/uploads/2024/03/encounter-3.jpg,http://www.iana.org/assignments/media-types/image/jpeg,http://schema.org/CreativeWork,https://blank_Nodes_IRI.org/1774,https://blank_Nodes_IRI.org/1775
https://blank_Nodes_IRI.org/774,https://www.gotobrno.cz/wp-content/uploads/2018/12/janackovo-divadlo.jpg,http://www.iana.org/assignments/media-types/image/jpeg,http://schema.org/CreativeWork,https://blank_Nodes_IRI.org/1781,https://blank_Nodes_IRI.org/1782
https://blank_Nodes_IRI.org/423,https://www.gotobrno.cz/wp-content/uploads/2017/07/brno-panorama.jpg,http://www.iana.org/assignments/media-types/image/jpeg,http://schema.org/CreativeWork,https://blank_Nodes_IRI.org/1789,https://blank_Nodes_IRI.org/1790
https://blank_Nodes_IRI.org/855,https://www.gotobrno.cz/wp-content/uploads/2018/06/19851.jpg,http://www.iana.org/assignments/media-types/image/jpeg,http://schema.org/CreativeWork,https://blank_Nodes_IRI.org/1795,https://blank_Nodes_IRI.org/1796
https://blank_Nodes_IRI.org/96,https://www.gotobrno.cz/wp-content/uploads/2018/02/brno-art-week-artitst-talk-scaled.jpeg,http://www.iana.org/assignments/media-types/image/jpeg,http://schema.org/CreativeWork,https://blank_Nodes_IRI.org/1801,https://blank_Nodes_IRI.org/1802
https://blank_Nodes_IRI.org/155,https://www.gotobrno.cz/wp-content/uploads/2018/12/janackovo-divadlo.jpg,http://www.iana.org/assignments/media-types/image/jpeg,http://schema.org/CreativeWork,https://blank_Nodes_IRI.org/1808,https://blank_Nodes_IRI.org/1809
https://blank_Nodes_IRI.org/232,https://www.gotobrno.cz/wp-content/uploads/2024/11/narvan_header-scaled.jpg,http://www.iana.org/assignments/media-types/image/jpeg,http://schema.org/CreativeWork,https://blank_Nodes_IRI.org/1814,https://blank_Nodes_IRI.org/1815
https://blank_Nodes_IRI.org/442,https://www.gotobrno.cz/wp-content/uploads/2024/09/ferrari_1-scaled.jpg,http://www.iana.org/assignments/media-types/image/jpeg,http://schema.org/CreativeWork,https://blank_Nodes_IRI.org/1820,https://blank_Nodes_IRI.org/1821
https://blank_Nodes_IRI.org/1004,https://www.gotobrno.cz/wp-content/uploads/2018/02/velikonocni-festival.jpg,http://www.iana.org/assignments/media-types/image/jpeg,http://schema.org/CreativeWork,https://blank_Nodes_IRI.org/1822,https://blank_Nodes_IRI.org/1823
https://blank_Nodes_IRI.org/398,https://www.gotobrno.cz/wp-content/uploads/2019/03/mahenka.jpg,http://www.iana.org/assignments/media-types/image/jpeg,http://schema.org/CreativeWork,https://blank_Nodes_IRI.org/1828,https://blank_Nodes_IRI.org/1829
https://blank_Nodes_IRI.org/223,https://www.gotobrno.cz/wp-content/uploads/2018/04/bonjour-brrno.png,http://www.iana.org/assignments/media-types/image/png,http://schema.org/CreativeWork,https://blank_Nodes_IRI.org/1834,https://blank_Nodes_IRI.org/1835
https://blank_Nodes_IRI.org/304,https://www.gotobrno.cz/wp-content/uploads/2018/06/19851.jpg,http://www.iana.org/assignments/media-types/image/jpeg,http://schema.org/CreativeWork,https://blank_Nodes_IRI.org/1840,https://blank_Nodes_IRI.org/1841
https://blank_Nodes_IRI.org/642,https://www.gotobrno.cz/wp-content/uploads/2024/12/konec-valky.jpg,http://www.iana.org/assignments/media-types/image/jpeg,http://schema.org/CreativeWork,https://blank_Nodes_IRI.org/1847,https://blank_Nodes_IRI.org/1848
https://blank_Nodes_IRI.org/199,https://www.gotobrno.cz/wp-content/uploads/2018/12/janackovo-divadlo.jpg,http://www.iana.org/assignments/media-types/image/jpeg,http://schema.org/CreativeWork,https://blank_Nodes_IRI.org/1855,https://blank_Nodes_IRI.org/1856
https://blank_Nodes_IRI.org/971,https://www.gotobrno.cz/wp-content/uploads/2017/06/mendlak_augustini01_monika-hlavacova-pocket-media-s-r-o-2.jpg,http://www.iana.org/assignments/media-types/image/jpeg,http://schema.org/CreativeWork,https://blank_Nodes_IRI.org/1861,https://blank_Nodes_IRI.org/1862
https://blank_Nodes_IRI.org/264,https://www.gotobrno.cz/wp-content/uploads/2019/03/mahenka.jpg,http://www.iana.org/assignments/media-types/image/jpeg,http://schema.org/CreativeWork,https://blank_Nodes_IRI.org/1867,https://blank_Nodes_IRI.org/1868
https://blank_Nodes_IRI.org/337,https://www.gotobrno.cz/wp-content/uploads/2018/12/janackovo-divadlo.jpg,http://www.iana.org/assignments/media-types/image/jpeg,http://schema.org/CreativeWork,https://blank_Nodes_IRI.org/1874,https://blank_Nodes_IRI.org/1875
https://blank_Nodes_IRI.org/191,https://www.gotobrno.cz/wp-content/uploads/2018/04/divadelni-svet-brno-ndb.jpg,http://www.iana.org/assignments/media-types/image/jpeg,http://schema.org/CreativeWork,https://blank_Nodes_IRI.org/1880,https://blank_Nodes_IRI.org/1881
https://blank_Nodes_IRI.org/36,https://www.gotobrno.cz/wp-content/uploads/2019/03/0lb7643b-1.jpg,http://www.iana.org/assignments/media-types/image/jpeg,http://schema.org/CreativeWork,https://blank_Nodes_IRI.org/1886,https://blank_Nodes_IRI.org/1887
https://blank_Nodes_IRI.org/139,https://www.gotobrno.cz/wp-content/uploads/2024/09/probuzeni-2.png,http://www.iana.org/assignments/media-types/image/png,http://schema.org/CreativeWork,https://blank_Nodes_IRI.org/1891,https://blank_Nodes_IRI.org/1892
https://blank_Nodes_IRI.org/82,https://www.gotobrno.cz/wp-content/uploads/2019/03/mahenka.jpg,http://www.iana.org/assignments/media-types/image/jpeg,http://schema.org/CreativeWork,https://blank_Nodes_IRI.org/1894,https://blank_Nodes_IRI.org/1895
https://blank_Nodes_IRI.org/600,https://www.gotobrno.cz/wp-content/uploads/2021/04/golias1-soumrak-scaled.jpg,http://www.iana.org/assignments/media-types/image/jpeg,http://schema.org/CreativeWork,https://blank_Nodes_IRI.org/1900,https://blank_Nodes_IRI.org/1901
https://blank_Nodes_IRI.org/899,https://www.gotobrno.cz/wp-content/uploads/2024/12/mg_2133.jpg,http://www.iana.org/assignments/media-types/image/jpeg,http://schema.org/CreativeWork,https://blank_Nodes_IRI.org/1906,https://blank_Nodes_IRI.org/1907
https://blank_Nodes_IRI.org/159,https://www.gotobrno.cz/wp-content/uploads/2024/11/6710fdb5c1db1.jpg,http://www.iana.org/assignments/media-types/image/jpeg,http://schema.org/CreativeWork,https://blank_Nodes_IRI.org/1913,https://blank_Nodes_IRI.org/1914
https://blank_Nodes_IRI.org/573,https://www.gotobrno.cz/wp-content/uploads/2017/12/mahenovo-divadlo.jpg,http://www.iana.org/assignments/media-types/image/jpeg,http://schema.org/CreativeWork,https://blank_Nodes_IRI.org/1919,https://blank_Nodes_IRI.org/1920
https://blank_Nodes_IRI.org/517,https://www.gotobrno.cz/wp-content/uploads/2024/06/festival-meeting-brno_foto-tino-kratochvil-1-scaled.jpg,http://www.iana.org/assignments/media-types/image/jpeg,http://schema.org/CreativeWork,https://blank_Nodes_IRI.org/1927,https://blank_Nodes_IRI.org/1928
https://blank_Nodes_IRI.org/446,https://www.gotobrno.cz/wp-content/uploads/2018/06/19851.jpg,http://www.iana.org/assignments/media-types/image/jpeg,http://schema.org/CreativeWork,https://blank_Nodes_IRI.org/1933,https://blank_Nodes_IRI.org/1934
https://blank_Nodes_IRI.org/991,https://www.gotobrno.cz/wp-content/uploads/2017/05/spirik_petrov-katedrala-petra-pavla-2.jpg,http://www.iana.org/assignments/media-types/image/jpeg,http://schema.org/CreativeWork,https://blank_Nodes_IRI.org/1940,https://blank_Nodes_IRI.org/1941
https://blank_Nodes_IRI.org/394,https://www.gotobrno.cz/wp-content/uploads/2018/12/janackovo-divadlo.jpg,http://www.iana.org/assignments/media-types/image/jpeg,http://schema.org/CreativeWork,https://blank_Nodes_IRI.org/1947,https://blank_Nodes_IRI.org/1948
https://blank_Nodes_IRI.org/300,https://www.gotobrno.cz/wp-content/uploads/2024/10/k37a7662-scaled.jpg,http://www.iana.org/assignments/media-types/image/jpeg,http://schema.org/CreativeWork,https://blank_Nodes_IRI.org/1953,https://blank_Nodes_IRI.org/1954
https://blank_Nodes_IRI.org/846,https://www.gotobrno.cz/wp-content/uploads/2024/10/k37a7996-scaled.jpg,http://www.iana.org/assignments/media-types/image/jpeg,http://schema.org/CreativeWork,https://blank_Nodes_IRI.org/1959,https://blank_Nodes_IRI.org/1960
https://blank_Nodes_IRI.org/695,https://www.gotobrno.cz/wp-content/uploads/2024/08/hlava-pripravka1.jpg,http://www.iana.org/assignments/media-types/image/jpeg,http://schema.org/CreativeWork,https://blank_Nodes_IRI.org/1961,https://blank_Nodes_IRI.org/1962
https://blank_Nodes_IRI.org/986,https://www.gotobrno.cz/wp-content/uploads/2024/11/musica_figuralis.png,http://www.iana.org/assignments/media-types/image/png,http://schema.org/CreativeWork,https://blank_Nodes_IRI.org/1967,https://blank_Nodes_IRI.org/1968
https://blank_Nodes_IRI.org/251,https://www.gotobrno.cz/wp-content/uploads/2024/12/gb25-promo-cory.jpg,http://www.iana.org/assignments/media-types/image/jpeg,http://schema.org/CreativeWork,https://blank_Nodes_IRI.org/1973,https://blank_Nodes_IRI.org/1974
https://blank_Nodes_IRI.org/822,https://www.gotobrno.cz/wp-content/uploads/2024/11/download-2.jpeg,http://www.iana.org/assignments/media-types/image/jpeg,http://schema.org/CreativeWork,https://blank_Nodes_IRI.org/1979,https://blank_Nodes_IRI.org/1980
https://blank_Nodes_IRI.org/51,https://www.gotobrno.cz/wp-content/uploads/2024/03/brnenska-okruzni-trida_autor-neznamy-scaled.jpg,http://www.iana.org/assignments/media-types/image/jpeg,http://schema.org/CreativeWork,https://blank_Nodes_IRI.org/1986,https://blank_Nodes_IRI.org/1987
https://blank_Nodes_IRI.org/494,https://www.gotobrno.cz/wp-content/uploads/2024/09/dsc02567-scaled.jpg,http://www.iana.org/assignments/media-types/image/jpeg,http://schema.org/CreativeWork,https://blank_Nodes_IRI.org/2021,https://blank_Nodes_IRI.org/2022
https://blank_Nodes_IRI.org/715,https://www.gotobrno.cz/wp-content/uploads/2023/02/prednaska-leos-janacek.jpg,http://www.iana.org/assignments/media-types/image/jpeg,http://schema.org/CreativeWork,https://blank_Nodes_IRI.org/2056,https://blank_Nodes_IRI.org/2057
https://blank_Nodes_IRI.org/408,https://www.gotobrno.cz/wp-content/uploads/2024/08/tulipany-scaled.jpg,http://www.iana.org/assignments/media-types/image/jpeg,http://schema.org/CreativeWork,https://blank_Nodes_IRI.org/2079,https://blank_Nodes_IRI.org/2080
https://blank_Nodes_IRI.org/889,https://www.gotobrno.cz/wp-content/uploads/2024/08/dozy-ker-scaled.jpg,http://www.iana.org/assignments/media-types/image/jpeg,http://schema.org/CreativeWork,https://blank_Nodes_IRI.org/2135,https://blank_Nodes_IRI.org/2136
https://blank_Nodes_IRI.org/475,https://www.gotobrno.cz/wp-content/uploads/2024/08/malba-kvety.jpg,http://www.iana.org/assignments/media-types/image/jpeg,http://schema.org/CreativeWork,https://blank_Nodes_IRI.org/2218,https://blank_Nodes_IRI.org/2219
https://blank_Nodes_IRI.org/385,https://www.gotobrno.cz/wp-content/uploads/2017/06/tugendhat-vt_copyright_david_zidlicky-1.jpg,http://www.iana.org/assignments/media-types/image/jpeg,http://schema.org/CreativeWork,https://blank_Nodes_IRI.org/2324,https://blank_Nodes_IRI.org/2325
https://blank_Nodes_IRI.org/807,https://www.gotobrno.cz/wp-content/uploads/2017/07/brno-panorama.jpg,http://www.iana.org/assignments/media-types/image/jpeg,http://schema.org/CreativeWork,https://blank_Nodes_IRI.org/2345,https://blank_Nodes_IRI.org/2346
https://blank_Nodes_IRI.org/101,https://www.gotobrno.cz/wp-content/uploads/2024/10/dsc_6812-scaled.jpg,http://www.iana.org/assignments/media-types/image/jpeg,http://schema.org/CreativeWork,https://blank_Nodes_IRI.org/2350,https://blank_Nodes_IRI.org/2351
https://blank_Nodes_IRI.org/314,https://www.gotobrno.cz/wp-content/uploads/2024/10/r5a0563-web-scaled.jpg,http://www.iana.org/assignments/media-types/image/jpeg,http://schema.org/CreativeWork,https://blank_Nodes_IRI.org/2355,https://blank_Nodes_IRI.org/2356
https://blank_Nodes_IRI.org/204,https://www.gotobrno.cz/wp-content/uploads/2024/10/drat_svoboda_mensi.png,http://www.iana.org/assignments/media-types/image/png,http://schema.org/CreativeWork,https://blank_Nodes_IRI.org/2360,https://blank_Nodes_IRI.org/2361
https://blank_Nodes_IRI.org/356,https://www.gotobrno.cz/wp-content/uploads/2017/07/brno-panorama-zapad-slunce.jpg,http://www.iana.org/assignments/media-types/image/jpeg,http://schema.org/CreativeWork,https://blank_Nodes_IRI.org/2365,https://blank_Nodes_IRI.org/2366
https://blank_Nodes_IRI.org/707,https://www.gotobrno.cz/wp-content/uploads/2023/02/obecne-s-detmi-a-pruvodcem-4-min-scaled.jpg,http://www.iana.org/assignments/media-types/image/jpeg,http://schema.org/CreativeWork,https://blank_Nodes_IRI.org/2370,https://blank_Nodes_IRI.org/2371
https://blank_Nodes_IRI.org/119,https://www.gotobrno.cz/wp-content/uploads/2017/07/moravske-zemske-muzeum-monika-hlavacova.jpg,http://www.iana.org/assignments/media-types/image/jpeg,http://schema.org/CreativeWork,https://blank_Nodes_IRI.org/2372,https://blank_Nodes_IRI.org/2373
https://blank_Nodes_IRI.org/351,https://www.gotobrno.cz/wp-content/uploads/2024/11/aaaa.jpg,http://www.iana.org/assignments/media-types/image/jpeg,http://schema.org/CreativeWork,https://blank_Nodes_IRI.org/2377,https://blank_Nodes_IRI.org/2378
https://blank_Nodes_IRI.org/219,https://www.gotobrno.cz/wp-content/uploads/2024/11/img_20230418_105803-scaled.jpg,http://www.iana.org/assignments/media-types/image/jpeg,http://schema.org/CreativeWork,https://blank_Nodes_IRI.org/2382,https://blank_Nodes_IRI.org/2383
https://blank_Nodes_IRI.org/686,https://www.gotobrno.cz/wp-content/uploads/2024/11/holubnik_studio_-_predvanocni_dilny_2024-scaled.jpg,http://www.iana.org/assignments/media-types/image/jpeg,http://schema.org/CreativeWork,https://blank_Nodes_IRI.org/2388,https://blank_Nodes_IRI.org/2389
https://blank_Nodes_IRI.org/413,https://www.gotobrno.cz/wp-content/uploads/2024/11/rottonara2-1.jpg,http://www.iana.org/assignments/media-types/image/jpeg,http://schema.org/CreativeWork,https://blank_Nodes_IRI.org/2395,https://blank_Nodes_IRI.org/2396
https://blank_Nodes_IRI.org/480,https://www.gotobrno.cz/wp-content/uploads/2024/11/mistnost2-uprostred_holasomir3817_72dpi-inet.jpg,http://www.iana.org/assignments/media-types/image/jpeg,http://schema.org/CreativeWork,https://blank_Nodes_IRI.org/2400,https://blank_Nodes_IRI.org/2401
https://blank_Nodes_IRI.org/1037,https://www.gotobrno.cz/wp-content/uploads/2024/11/mehrin2.jpg,http://www.iana.org/assignments/media-types/image/jpeg,http://schema.org/CreativeWork,https://blank_Nodes_IRI.org/2405,https://blank_Nodes_IRI.org/2406
https://blank_Nodes_IRI.org/841,https://www.gotobrno.cz/wp-content/uploads/2024/10/svetelny-park-2.png,http://www.iana.org/assignments/media-types/image/png,http://schema.org/CreativeWork,https://blank_Nodes_IRI.org/2410,https://blank_Nodes_IRI.org/2411
https://blank_Nodes_IRI.org/86,https://www.gotobrno.cz/wp-content/uploads/2024/12/nz8_9571-mru.jpg,http://www.iana.org/assignments/media-types/image/jpeg,http://schema.org/CreativeWork,https://blank_Nodes_IRI.org/2415,https://blank_Nodes_IRI.org/2416
https://blank_Nodes_IRI.org/727,https://www.gotobrno.cz/wp-content/uploads/2021/04/prohlidky-brna-pro-skoly-scaled.jpg,http://www.iana.org/assignments/media-types/image/jpeg,http://schema.org/CreativeWork,https://blank_Nodes_IRI.org/2420,https://blank_Nodes_IRI.org/2421
https://blank_Nodes_IRI.org/4,https://www.gotobrno.cz/wp-content/uploads/2024/11/strom100let_1920x463_web.jpg,http://www.iana.org/assignments/media-types/image/jpeg,http://schema.org/CreativeWork,https://blank_Nodes_IRI.org/2422,https://blank_Nodes_IRI.org/2423
https://blank_Nodes_IRI.org/933,https://www.gotobrno.cz/wp-content/uploads/2024/11/jedlicka_u_obchodu.jpg,http://www.iana.org/assignments/media-types/image/jpeg,http://schema.org/CreativeWork,https://blank_Nodes_IRI.org/2427,https://blank_Nodes_IRI.org/2428
https://blank_Nodes_IRI.org/1056,https://www.gotobrno.cz/wp-content/uploads/2024/10/20240806_105905-scaled.jpg,http://www.iana.org/assignments/media-types/image/jpeg,http://schema.org/CreativeWork,https://blank_Nodes_IRI.org/2432,https://blank_Nodes_IRI.org/2433
https://blank_Nodes_IRI.org/375,https://www.gotobrno.cz/wp-content/uploads/2024/12/07-scaled.jpg,http://www.iana.org/assignments/media-types/image/jpeg,http://schema.org/CreativeWork,https://blank_Nodes_IRI.org/2438,https://blank_Nodes_IRI.org/2439
https://blank_Nodes_IRI.org/418,https://www.gotobrno.cz/wp-content/uploads/2024/11/20231224172216-toci-z089762.jpg,http://www.iana.org/assignments/media-types/image/jpeg,http://schema.org/CreativeWork,https://blank_Nodes_IRI.org/2445,https://blank_Nodes_IRI.org/2446
https://blank_Nodes_IRI.org/1000,https://www.gotobrno.cz/wp-content/uploads/2024/12/dsc_4221-scaled.jpg,http://www.iana.org/assignments/media-types/image/jpeg,http://schema.org/CreativeWork,https://blank_Nodes_IRI.org/2450,https://blank_Nodes_IRI.org/2451
https://blank_Nodes_IRI.org/23,https://www.gotobrno.cz/wp-content/uploads/2024/11/dscf4555-scaled.jpg,http://www.iana.org/assignments/media-types/image/jpeg,http://schema.org/CreativeWork,https://blank_Nodes_IRI.org/2455,https://blank_Nodes_IRI.org/2456
https://blank_Nodes_IRI.org/652,https://www.gotobrno.cz/wp-content/uploads/2024/11/salak-foto-ztracene-zeme-scaled.jpg,http://www.iana.org/assignments/media-types/image/jpeg,http://schema.org/CreativeWork,https://blank_Nodes_IRI.org/2460,https://blank_Nodes_IRI.org/2461
https://blank_Nodes_IRI.org/124,https://www.gotobrno.cz/wp-content/uploads/2024/12/img-20240815-wa0002.jpg,http://www.iana.org/assignments/media-types/image/jpeg,http://schema.org/CreativeWork,https://blank_Nodes_IRI.org/2465,https://blank_Nodes_IRI.org/2466
https://blank_Nodes_IRI.org/739,https://www.gotobrno.cz/wp-content/uploads/2021/06/10-brno-funkcionalisticke-hd.jpg,http://www.iana.org/assignments/media-types/image/jpeg,http://schema.org/CreativeWork,https://blank_Nodes_IRI.org/2470,https://blank_Nodes_IRI.org/2471
https://blank_Nodes_IRI.org/559,https://www.gotobrno.cz/wp-content/uploads/2024/11/janacek.jpg,http://www.iana.org/assignments/media-types/image/jpeg,http://schema.org/CreativeWork,https://blank_Nodes_IRI.org/2472,https://blank_Nodes_IRI.org/2473
https://blank_Nodes_IRI.org/625,https://www.gotobrno.cz/wp-content/uploads/2024/12/20241206_151038-scaled.jpg,http://www.iana.org/assignments/media-types/image/jpeg,http://schema.org/CreativeWork,https://blank_Nodes_IRI.org/2477,https://blank_Nodes_IRI.org/2478
https://blank_Nodes_IRI.org/919,https://www.gotobrno.cz/wp-content/uploads/2024/12/20241205_042608-scaled.jpg,http://www.iana.org/assignments/media-types/image/jpeg,http://schema.org/CreativeWork,https://blank_Nodes_IRI.org/2482,https://blank_Nodes_IRI.org/2483
https://blank_Nodes_IRI.org/879,https://www.gotobrno.cz/wp-content/uploads/2024/12/gtb.png,http://www.iana.org/assignments/media-types/image/png,http://schema.org/CreativeWork,https://blank_Nodes_IRI.org/2488,https://blank_Nodes_IRI.org/2489
https://blank_Nodes_IRI.org/1051,https://www.gotobrno.cz/wp-content/uploads/2024/11/grafika-pro-facebook-kampan-02-na-tmave-pozadi.jpg,http://www.iana.org/assignments/media-types/image/jpeg,http://schema.org/CreativeWork,https://blank_Nodes_IRI.org/2495,https://blank_Nodes_IRI.org/2496
https://blank_Nodes_IRI.org/1018,https://www.gotobrno.cz/wp-content/uploads/2024/12/413909656_7061354623887437_6908147806143655521_n.jpg,http://www.iana.org/assignments/media-types/image/jpeg,http://schema.org/CreativeWork,https://blank_Nodes_IRI.org/2500,https://blank_Nodes_IRI.org/2501
https://blank_Nodes_IRI.org/91,https://www.gotobrno.cz/wp-content/uploads/2024/05/zanikle-sakralni-stavby.jpg,http://www.iana.org/assignments/media-types/image/jpeg,http://schema.org/CreativeWork,https://blank_Nodes_IRI.org/2505,https://blank_Nodes_IRI.org/2506
https://blank_Nodes_IRI.org/812,https://www.gotobrno.cz/wp-content/uploads/2024/11/speed-dating-17-12-go-to-brno-scaled.jpg,http://www.iana.org/assignments/media-types/image/jpeg,http://schema.org/CreativeWork,https://blank_Nodes_IRI.org/2510,https://blank_Nodes_IRI.org/2511
https://blank_Nodes_IRI.org/633,https://www.gotobrno.cz/wp-content/uploads/2024/05/c30959ff-dbp_ohen_popel_foto-jakostare_1-1024x882-1.jpg,http://www.iana.org/assignments/media-types/image/jpeg,http://schema.org/CreativeWork,https://blank_Nodes_IRI.org/2515,https://blank_Nodes_IRI.org/2516
https://blank_Nodes_IRI.org/731,https://www.gotobrno.cz/wp-content/uploads/2021/06/dsc_7323-pano-hdr-edit_foto-michal-ruzicka-tic-brno.jpg,http://www.iana.org/assignments/media-types/image/jpeg,http://schema.org/CreativeWork,https://blank_Nodes_IRI.org/2520,https://blank_Nodes_IRI.org/2521
https://blank_Nodes_IRI.org/703,https://www.gotobrno.cz/wp-content/uploads/2023/02/mg_0069-min-scaled.jpg,http://www.iana.org/assignments/media-types/image/jpeg,http://schema.org/CreativeWork,https://blank_Nodes_IRI.org/2522,https://blank_Nodes_IRI.org/2523
https://blank_Nodes_IRI.org/168,https://www.gotobrno.cz/wp-content/uploads/2017/06/cerveny.jpg,http://www.iana.org/assignments/media-types/image/jpeg,http://schema.org/CreativeWork,https://blank_Nodes_IRI.org/2524,https://blank_Nodes_IRI.org/2525
https://blank_Nodes_IRI.org/629,https://www.gotobrno.cz/wp-content/uploads/2024/05/c30959ff-dbp_ohen_popel_foto-jakostare_1-1024x882-1.jpg,http://www.iana.org/assignments/media-types/image/jpeg,http://schema.org/CreativeWork,https://blank_Nodes_IRI.org/2529,https://blank_Nodes_IRI.org/2530
https://blank_Nodes_IRI.org/792,https://www.gotobrno.cz/wp-content/uploads/2024/12/405770117_7897237023624133_8307928554074781018_n.jpg,http://www.iana.org/assignments/media-types/image/jpeg,http://schema.org/CreativeWork,https://blank_Nodes_IRI.org/2534,https://blank_Nodes_IRI.org/2535
https://blank_Nodes_IRI.org/64,https://www.gotobrno.cz/wp-content/uploads/2024/11/6682b1b76a682.jpg,http://www.iana.org/assignments/media-types/image/jpeg,http://schema.org/CreativeWork,https://blank_Nodes_IRI.org/2539,https://blank_Nodes_IRI.org/2540
https://blank_Nodes_IRI.org/246,https://www.gotobrno.cz/wp-content/uploads/2024/11/god_and_eve.png,http://www.iana.org/assignments/media-types/image/png,http://schema.org/CreativeWork,https://blank_Nodes_IRI.org/2545,https://blank_Nodes_IRI.org/2546
https://blank_Nodes_IRI.org/46,https://www.gotobrno.cz/wp-content/uploads/2023/11/nejvetsi-brnenske-varhany-katedrala-foto_frantiska-foto-scaled.jpg,http://www.iana.org/assignments/media-types/image/jpeg,http://schema.org/CreativeWork,https://blank_Nodes_IRI.org/2552,https://blank_Nodes_IRI.org/2553
https://blank_Nodes_IRI.org/390,https://www.gotobrno.cz/wp-content/uploads/2017/06/knihovna.jpg,http://www.iana.org/assignments/media-types/image/jpeg,http://schema.org/CreativeWork,https://blank_Nodes_IRI.org/2557,https://blank_Nodes_IRI.org/2558
https://blank_Nodes_IRI.org/1086,https://www.gotobrno.cz/wp-content/uploads/2024/12/img-20241016-wa0000.jpg,http://www.iana.org/assignments/media-types/image/jpeg,http://schema.org/CreativeWork,https://blank_Nodes_IRI.org/2562,https://blank_Nodes_IRI.org/2563
https://blank_Nodes_IRI.org/365,https://www.gotobrno.cz/wp-content/uploads/2024/12/obr-3.jpg,http://www.iana.org/assignments/media-types/image/jpeg,http://schema.org/CreativeWork,https://blank_Nodes_IRI.org/2567,https://blank_Nodes_IRI.org/2568
https://blank_Nodes_IRI.org/946,https://www.gotobrno.cz/wp-content/uploads/2024/12/465647694_1355818678770885_8734188545008915559_n.jpeg,http://www.iana.org/assignments/media-types/image/jpeg,http://schema.org/CreativeWork,https://blank_Nodes_IRI.org/2572,https://blank_Nodes_IRI.org/2573
https://blank_Nodes_IRI.org/735,https://www.gotobrno.cz/wp-content/uploads/2024/11/2016-07-04-sipilberk-piknik.jpg,http://www.iana.org/assignments/media-types/image/jpeg,http://schema.org/CreativeWork,https://blank_Nodes_IRI.org/2574,https://blank_Nodes_IRI.org/2575
https://blank_Nodes_IRI.org/32,https://www.gotobrno.cz/wp-content/uploads/2018/12/janackovo-divadlo.jpg,http://www.iana.org/assignments/media-types/image/jpeg,http://schema.org/CreativeWork,https://blank_Nodes_IRI.org/2579,https://blank_Nodes_IRI.org/2580
https://blank_Nodes_IRI.org/56,https://www.gotobrno.cz/wp-content/uploads/2024/09/problemovi_spoluzaci_w-12-scaled.jpg,http://www.iana.org/assignments/media-types/image/jpeg,http://schema.org/CreativeWork,https://blank_Nodes_IRI.org/2584,https://blank_Nodes_IRI.org/2585
https://blank_Nodes_IRI.org/134,https://www.gotobrno.cz/wp-content/uploads/2024/11/le-fils.png,http://www.iana.org/assignments/media-types/image/png,http://schema.org/CreativeWork,https://blank_Nodes_IRI.org/2589,https://blank_Nodes_IRI.org/2590
https://blank_Nodes_IRI.org/260,https://www.gotobrno.cz/wp-content/uploads/2019/03/0lb7643b-1.jpg,http://www.iana.org/assignments/media-types/image/jpeg,http://schema.org/CreativeWork,https://blank_Nodes_IRI.org/2595,https://blank_Nodes_IRI.org/2596
https://blank_Nodes_IRI.org/951,https://www.gotobrno.cz/wp-content/uploads/2024/11/img_3184-scaled.jpeg,http://www.iana.org/assignments/media-types/image/jpeg,http://schema.org/CreativeWork,https://blank_Nodes_IRI.org/2602,https://blank_Nodes_IRI.org/2603
https://blank_Nodes_IRI.org/660,https://www.gotobrno.cz/wp-content/uploads/2024/05/af053118-0-1024x602-1.jpg,http://www.iana.org/assignments/media-types/image/jpeg,http://schema.org/CreativeWork,https://blank_Nodes_IRI.org/2607,https://blank_Nodes_IRI.org/2608
https://blank_Nodes_IRI.org/360,https://www.gotobrno.cz/wp-content/uploads/2023/12/207_220_kulova-hvezdokupa_1200.jpg,http://www.iana.org/assignments/media-types/image/jpeg,http://schema.org/CreativeWork,https://blank_Nodes_IRI.org/2612,https://blank_Nodes_IRI.org/2613
https://blank_Nodes_IRI.org/1090,https://www.gotobrno.cz/wp-content/uploads/2024/12/sveduv-stul-sinka-upr.jpg,http://www.iana.org/assignments/media-types/image/jpeg,http://schema.org/CreativeWork,https://blank_Nodes_IRI.org/2617,https://blank_Nodes_IRI.org/2618
https://blank_Nodes_IRI.org/214,https://www.gotobrno.cz/wp-content/uploads/2024/10/biondi-scaled.jpg,http://www.iana.org/assignments/media-types/image/jpeg,http://schema.org/CreativeWork,https://blank_Nodes_IRI.org/2622,https://blank_Nodes_IRI.org/2623
https://blank_Nodes_IRI.org/743,https://www.gotobrno.cz/wp-content/uploads/2021/06/fb-01927-e1731941036679.jpg,http://www.iana.org/assignments/media-types/image/jpeg,http://schema.org/CreativeWork,https://blank_Nodes_IRI.org/2627,https://blank_Nodes_IRI.org/2628
https://blank_Nodes_IRI.org/869,https://www.gotobrno.cz/wp-content/uploads/2024/10/p1020880-scaled.jpg,http://www.iana.org/assignments/media-types/image/jpeg,http://schema.org/CreativeWork,https://blank_Nodes_IRI.org/2629,https://blank_Nodes_IRI.org/2630
https://blank_Nodes_IRI.org/587,https://www.gotobrno.cz/wp-content/uploads/2017/06/mestske-divadlo-brno.jpg,http://www.iana.org/assignments/media-types/image/jpeg,http://schema.org/CreativeWork,https://blank_Nodes_IRI.org/2634,https://blank_Nodes_IRI.org/2635
https://blank_Nodes_IRI.org/592,https://www.gotobrno.cz/wp-content/uploads/2024/11/463085760_884483877108427_4419810504763260069_n.jpg,http://www.iana.org/assignments/media-types/image/jpeg,http://schema.org/CreativeWork,https://blank_Nodes_IRI.org/2639,https://blank_Nodes_IRI.org/2640
https://blank_Nodes_IRI.org/681,https://www.gotobrno.cz/wp-content/uploads/2024/11/66fef9421af1d.jpg,http://www.iana.org/assignments/media-types/image/jpeg,http://schema.org/CreativeWork,https://blank_Nodes_IRI.org/2645,https://blank_Nodes_IRI.org/2646
https://blank_Nodes_IRI.org/324,https://www.gotobrno.cz/wp-content/uploads/2017/07/brno-panorama-zapad-slunce.jpg,http://www.iana.org/assignments/media-types/image/jpeg,http://schema.org/CreativeWork,https://blank_Nodes_IRI.org/2652,https://blank_Nodes_IRI.org/2653
https://blank_Nodes_IRI.org/555,https://www.gotobrno.cz/wp-content/uploads/2024/11/monkey-business-post.jpg,http://www.iana.org/assignments/media-types/image/jpeg,http://schema.org/CreativeWork,https://blank_Nodes_IRI.org/2657,https://blank_Nodes_IRI.org/2658
https://blank_Nodes_IRI.org/186,https://www.gotobrno.cz/wp-content/uploads/2024/12/8480f437-1-deskovy-statek_foto_david_konecny-scaled-1.jpg,http://www.iana.org/assignments/media-types/image/jpeg,http://schema.org/CreativeWork,https://blank_Nodes_IRI.org/2662,https://blank_Nodes_IRI.org/2663
https://blank_Nodes_IRI.org/956,https://www.gotobrno.cz/wp-content/uploads/2024/12/trasa_lata_jana-vasickova-3-1.jpg,http://www.iana.org/assignments/media-types/image/jpeg,http://schema.org/CreativeWork,https://blank_Nodes_IRI.org/2667,https://blank_Nodes_IRI.org/2668
https://blank_Nodes_IRI.org/928,https://www.gotobrno.cz/wp-content/uploads/2024/12/img_4478-scaled.jpg,http://www.iana.org/assignments/media-types/image/jpeg,http://schema.org/CreativeWork,https://blank_Nodes_IRI.org/2672,https://blank_Nodes_IRI.org/2673
https://blank_Nodes_IRI.org/723,https://www.gotobrno.cz/wp-content/uploads/2021/06/img_0183-scaled-e1731937681962.jpg,http://www.iana.org/assignments/media-types/image/jpeg,http://schema.org/CreativeWork,https://blank_Nodes_IRI.org/2677,https://blank_Nodes_IRI.org/2678
https://blank_Nodes_IRI.org/770,https://www.gotobrno.cz/wp-content/uploads/2024/12/strommm.jpg,http://www.iana.org/assignments/media-types/image/jpeg,http://schema.org/CreativeWork,https://blank_Nodes_IRI.org/2679,https://blank_Nodes_IRI.org/2680
https://blank_Nodes_IRI.org/605,https://www.gotobrno.cz/wp-content/uploads/2017/06/mestske-divadlo-brno.jpg,http://www.iana.org/assignments/media-types/image/jpeg,http://schema.org/CreativeWork,https://blank_Nodes_IRI.org/2684,https://blank_Nodes_IRI.org/2685
https://blank_Nodes_IRI.org/286,https://www.gotobrno.cz/wp-content/uploads/2019/03/0lb7643b-1.jpg,http://www.iana.org/assignments/media-types/image/jpeg,http://schema.org/CreativeWork,https://blank_Nodes_IRI.org/2689,https://blank_Nodes_IRI.org/2690
https://blank_Nodes_IRI.org/182,https://www.gotobrno.cz/wp-content/uploads/2024/10/pro-fb-03-aa.jpg,http://www.iana.org/assignments/media-types/image/jpeg,http://schema.org/CreativeWork,https://blank_Nodes_IRI.org/2694,https://blank_Nodes_IRI.org/2695
https://blank_Nodes_IRI.org/923,https://www.gotobrno.cz/wp-content/uploads/2024/11/66ee0c84c23c7.jpg,http://www.iana.org/assignments/media-types/image/jpeg,http://schema.org/CreativeWork,https://blank_Nodes_IRI.org/2700,https://blank_Nodes_IRI.org/2701
https://blank_Nodes_IRI.org/277,https://www.gotobrno.cz/wp-content/uploads/2024/10/frontcover_promo-1200x1200-1.jpg,http://www.iana.org/assignments/media-types/image/jpeg,http://schema.org/CreativeWork,https://blank_Nodes_IRI.org/2707,https://blank_Nodes_IRI.org/2708
https://blank_Nodes_IRI.org/748,https://www.gotobrno.cz/wp-content/uploads/2024/11/psh-facebook-new.jpg,http://www.iana.org/assignments/media-types/image/jpeg,http://schema.org/CreativeWork,https://blank_Nodes_IRI.org/2712,https://blank_Nodes_IRI.org/2713
https://blank_Nodes_IRI.org/1032,https://www.gotobrno.cz/wp-content/uploads/2017/06/michalcikova_surgeon-48-scaled.jpg,http://www.iana.org/assignments/media-types/image/jpeg,http://schema.org/CreativeWork,https://blank_Nodes_IRI.org/2717,https://blank_Nodes_IRI.org/2718
https://blank_Nodes_IRI.org/115,https://www.gotobrno.cz/wp-content/uploads/2024/12/fb_img_1705235960896.jpg,http://www.iana.org/assignments/media-types/image/jpeg,http://schema.org/CreativeWork,https://blank_Nodes_IRI.org/2722,https://blank_Nodes_IRI.org/2723
https://blank_Nodes_IRI.org/937,https://www.gotobrno.cz/wp-content/uploads/2017/06/mestske-divadlo-brno.jpg,http://www.iana.org/assignments/media-types/image/jpeg,http://schema.org/CreativeWork,https://blank_Nodes_IRI.org/2727,https://blank_Nodes_IRI.org/2728
https://blank_Nodes_IRI.org/672,https://www.gotobrno.cz/wp-content/uploads/2021/04/1-227-scaled.jpg,http://www.iana.org/assignments/media-types/image/jpeg,http://schema.org/CreativeWork,https://blank_Nodes_IRI.org/2730,https://blank_Nodes_IRI.org/2731
https://blank_Nodes_IRI.org/941,https://www.gotobrno.cz/wp-content/uploads/2018/06/19851.jpg,http://www.iana.org/assignments/media-types/image/jpeg,http://schema.org/CreativeWork,https://blank_Nodes_IRI.org/2734,https://blank_Nodes_IRI.org/2735
https://blank_Nodes_IRI.org/18,https://www.gotobrno.cz/wp-content/uploads/2017/06/sono-5.jpg,http://www.iana.org/assignments/media-types/image/jpeg,http://schema.org/CreativeWork,https://blank_Nodes_IRI.org/2739,https://blank_Nodes_IRI.org/2740
https://blank_Nodes_IRI.org/236,https://www.gotobrno.cz/wp-content/uploads/2024/11/67483e3ab87ea.jpg,http://www.iana.org/assignments/media-types/image/jpeg,http://schema.org/CreativeWork,https://blank_Nodes_IRI.org/2744,https://blank_Nodes_IRI.org/2745
https://blank_Nodes_IRI.org/9,https://www.gotobrno.cz/wp-content/uploads/2024/12/vanoce-na-radnici-2024_1920x1080px.png,http://www.iana.org/assignments/media-types/image/png,http://schema.org/CreativeWork,https://blank_Nodes_IRI.org/2749,https://blank_Nodes_IRI.org/2750
